,Registered,Scheduling,Running
0,1.613735584336064e+18,1.6137355843361915e+18,1.6137356008768796e+18
1,1.613735586703589e+18,1.6137356008768968e+18,1.613735622980454e+18
2,1.6137355878563308e+18,1.6137356229804728e+18,1.6137356532092728e+18
3,1.613735588054553e+18,1.613735653209289e+18,1.6137356905154276e+18
4,1.6137355892530086e+18,1.613735690515447e+18,1.6137357364115254e+18
5,1.6137355913646262e+18,1.6137357364115558e+18,1.6137357897145848e+18
6,1.6137355950551744e+18,1.6137357897146015e+18,1.6137358587129037e+18
7,1.613735595323032e+18,1.6137358587129362e+18,1.6137359226381476e+18
8,1.613735595493767e+18,1.6137359226381655e+18,1.613735998581257e+18
9,1.6137355955565312e+18,1.6137359985812744e+18,1.6137360838833244e+18
10,1.6137355957197955e+18,1.6137360838833551e+18,1.6137361791985213e+18
11,1.6137355961947036e+18,1.6137361791985498e+18,1.6137362777561467e+18
12,1.613735596313151e+18,1.6137362777561733e+18,
13,1.613735596753818e+18,,
14,1.6137355970040374e+18,,
15,1.61373559700711e+18,,
16,1.6137355971434278e+18,,
17,1.613735597243406e+18,,
18,1.6137355974392916e+18,,
19,1.6137355974748923e+18,,
20,,,
21,,,
22,,,
23,,,
24,,,
25,,,
26,,,
27,,,
28,,,
29,,,
30,,,
31,,,
32,,,
33,,,
34,,,
35,,,
36,,,
37,,,
38,,,
39,,,
40,,,
41,,,
42,,,
43,,,
44,,,
45,,,
46,,,
47,,,
48,,,
49,,,
50,,,
51,,,
52,,,
53,,,
54,,,
55,,,
56,,,
57,,,
58,,,
59,,,
60,,,
61,,,
62,,,
63,,,
64,,,
65,,,
66,,,
67,,,
68,,,
69,,,
70,,,
71,,,
72,,,
73,,,
74,,,
75,,,
76,,,
77,,,
78,,,
79,,,
80,,,
81,,,
82,,,
83,,,
84,,,
85,,,
86,,,
87,,,
88,,,
89,,,
90,,,
91,,,
92,,,
93,,,
94,,,
95,,,
96,,,
97,,,
98,,,
99,,,
100,,,
101,,,
102,,,
103,,,
104,,,
105,,,
106,,,
107,,,
108,,,
109,,,
110,,,
111,,,
112,,,
113,,,
114,,,
115,,,
116,,,
117,,,
118,,,
119,,,
120,,,
121,,,
122,,,
123,,,
124,,,
125,,,
126,,,
127,,,
128,,,
129,,,
130,,,
131,,,
132,,,
133,,,
134,,,
135,,,
136,,,
137,,,
138,,,
139,,,
140,,,
141,,,
142,,,
143,,,
144,,,
145,,,
146,,,
147,,,
148,,,
149,,,
150,,,
151,,,
152,,,
153,,,
154,,,
155,,,
156,,,
157,,,
158,,,
159,,,
160,,,
161,,,
162,,,
163,,,
164,,,
165,,,
166,,,
167,,,
168,,,
169,,,
170,,,
171,,,
172,,,
173,,,
174,,,
175,,,
176,,,
177,,,
178,,,
179,,,
180,,,
181,,,
182,,,
183,,,
184,,,
185,,,
186,,,
187,,,
188,,,
189,,,
190,,,
191,,,
192,,,
193,,,
194,,,
195,,,
196,,,
197,,,
198,,,
199,,,
